gs_name,contrast,Direction_stage_only,Direction_nonE_restricted,PValue_stage_only,PValue_nonE_restricted,FDR_stage_only,FDR_nonE_restricted,NGenes_stage_only,NGenes_nonE_restricted,stable_FDR05
HALLMARK_EPITHELIAL_MESENCHYMAL_TRANSITION,early_wound_vs_normal_skin,Up,Up,4.7625579213883725e-19,3.473585546150239e-20,2.3812789606941862e-17,1.7367927730751194e-18,199,199,TRUE
HALLMARK_INTERFERON_GAMMA_RESPONSE,early_wound_vs_normal_skin,Up,Up,5.310908253863552e-12,6.836268649037054e-11,9.772108908142946e-11,1.3253548059334696e-9,199,199,TRUE
HALLMARK_ALLOGRAFT_REJECTION,early_wound_vs_normal_skin,Up,Up,5.863265344885767e-12,7.952128835600816e-11,9.772108908142946e-11,1.3253548059334696e-9,189,189,TRUE
HALLMARK_INFLAMMATORY_RESPONSE,early_wound_vs_normal_skin,Up,Up,5.390844431931474e-11,7.177525465722293e-10,6.738555539914342e-10,8.971906832152867e-9,194,194,TRUE
HALLMARK_IL6_JAK_STAT3_SIGNALING,early_wound_vs_normal_skin,Up,Up,1.3357922742629535e-10,9.615316837219717e-10,1.3357922742629534e-9,9.615316837219717e-9,85,85,TRUE
HALLMARK_COMPLEMENT,early_wound_vs_normal_skin,Up,Up,6.647386514049103e-9,2.1868499709029967e-8,5.5394887617075865e-8,1.8223749757524974e-7,192,192,TRUE
HALLMARK_INTERFERON_ALPHA_RESPONSE,early_wound_vs_normal_skin,Up,Up,4.1173263591841e-8,2.4073593621464487e-7,2.9409473994172143e-7,1.337421867859138e-6,97,97,TRUE
HALLMARK_COAGULATION,early_wound_vs_normal_skin,Up,Up,2.370873638183724e-7,1.762041039482572e-7,1.4817960238648274e-6,1.2586007424875516e-6,116,116,TRUE
HALLMARK_ANGIOGENESIS,early_wound_vs_normal_skin,Up,Up,3.290436573217149e-7,2.2941139134486367e-7,1.8280203184539715e-6,1.337421867859138e-6,35,35,TRUE
HALLMARK_TNFA_SIGNALING_VIA_NFKB,early_wound_vs_normal_skin,Up,Up,7.865461659665592e-7,3.7491066402467947e-6,3.932730829832796e-6,1.8745533201233973e-5,199,199,TRUE
HALLMARK_E2F_TARGETS,early_wound_vs_normal_skin,Up,Up,3.830740538209012e-6,5.4248875218418875e-6,1.7412456991859148e-5,2.4658579644735856e-5,200,200,TRUE
HALLMARK_IL2_STAT5_SIGNALING,early_wound_vs_normal_skin,Up,Up,1.6688348566301514e-5,3.607624130302806e-5,6.953478569292298e-5,1.3875477424241562e-4,195,195,TRUE
HALLMARK_MTORC1_SIGNALING,early_wound_vs_normal_skin,Up,Up,2.3185354658906107e-5,1.9567952743410093e-5,8.917444099579272e-5,8.153313643087539e-5,200,200,TRUE
HALLMARK_KRAS_SIGNALING_UP,early_wound_vs_normal_skin,Up,Up,4.3335665305481264e-5,8.084109970208405e-5,1.5477023323386165e-4,2.694703323402802e-4,192,192,TRUE
HALLMARK_MYC_TARGETS_V1,early_wound_vs_normal_skin,Up,Up,7.74579274067496e-5,5.738307263059019e-5,2.58193091355832e-4,2.049395451092507e-4,199,199,TRUE
HALLMARK_REACTIVE_OXYGEN_SPECIES_PATHWAY,early_wound_vs_normal_skin,Up,Up,5.783798522244971e-4,9.407772216556313e-4,0.0018074370382015533,0.002613270060154531,48,48,TRUE
HALLMARK_G2M_CHECKPOINT,early_wound_vs_normal_skin,Up,Up,7.746747962690902e-4,8.485928795021253e-4,0.002278455283144383,0.0024958614103003686,199,199,TRUE
HALLMARK_APICAL_JUNCTION,early_wound_vs_normal_skin,Up,Up,9.001244911406007e-4,4.911968849343083e-4,0.002500345808723891,0.0015349902654197135,193,193,TRUE
HALLMARK_APOPTOSIS,early_wound_vs_normal_skin,Up,Up,0.0025967607505734736,0.0037405746997223135,0.006534195522039769,0.009351436749305784,159,159,TRUE
HALLMARK_GLYCOLYSIS,early_wound_vs_normal_skin,Up,Up,0.0026136782088159076,0.0021200200224296014,0.006534195522039769,0.005579000059025267,191,191,TRUE
HALLMARK_UNFOLDED_PROTEIN_RESPONSE,early_wound_vs_normal_skin,Up,Up,0.005577554489847733,0.005234168660723426,0.013279891642494601,0.012462306335055776,111,111,TRUE
HALLMARK_UV_RESPONSE_UP,early_wound_vs_normal_skin,Up,Up,0.006349159353591933,0.006487706357184501,0.014429907621799848,0.014744787175419322,154,154,TRUE
HALLMARK_HYPOXIA,early_wound_vs_normal_skin,Up,Up,0.011607392476625716,0.013453041119714999,0.025233461905708077,0.029245741564597822,194,194,TRUE
HALLMARK_OXIDATIVE_PHOSPHORYLATION,early_wound_vs_normal_skin,Up,Up,0.014060048503280681,0.016594179769289962,0.029291767715168088,0.03457120785268742,200,200,TRUE
HALLMARK_MYC_TARGETS_V2,early_wound_vs_normal_skin,Up,Up,0.018036715532545714,0.017921754269345187,0.03607343106509143,0.03584350853869037,58,58,TRUE
HALLMARK_XENOBIOTIC_METABOLISM,early_wound_vs_normal_skin,Up,Up,0.02344314573546048,0.027009396506915893,0.04508297256819323,0.050017400938733136,182,182,FALSE
HALLMARK_ANDROGEN_RESPONSE,early_wound_vs_normal_skin,Up,Up,0.03255102644048606,0.023819979723654516,0.0602796785934927,0.045807653314720226,99,99,FALSE
HALLMARK_ADIPOGENESIS,early_wound_vs_normal_skin,Up,Up,0.050007484055170325,0.05043824997066127,0.08929907866994702,0.08578533354252549,198,198,FALSE
HALLMARK_TGF_BETA_SIGNALING,early_wound_vs_normal_skin,Up,Up,0.06673392362767988,0.04293431899954349,0.11505848901324117,0.07666842678489909,53,53,FALSE
HALLMARK_UV_RESPONSE_DN,early_wound_vs_normal_skin,Up,Up,0.07966984828612207,0.051471200125515294,0.13278308047687012,0.08578533354252549,143,143,FALSE
HALLMARK_WNT_BETA_CATENIN_SIGNALING,early_wound_vs_normal_skin,Down,Down,0.08657101291607995,0.08575458448721478,0.13963066599367732,0.1383138459471206,39,39,FALSE
HALLMARK_PANCREAS_BETA_CELLS,early_wound_vs_normal_skin,Up,Up,0.10489711902544889,0.09564527982749492,0.16390174847726388,0.14944574973046082,26,26,FALSE
HALLMARK_KRAS_SIGNALING_DN,early_wound_vs_normal_skin,Down,Down,0.11630400487080678,0.1050327629264052,0.17621818919819207,0.15914054988849274,150,150,FALSE
HALLMARK_DNA_REPAIR,early_wound_vs_normal_skin,Up,Up,0.14209051681557272,0.1895866036464971,0.2073183214445507,0.2598275168400748,150,150,FALSE
HALLMARK_MYOGENESIS,early_wound_vs_normal_skin,Up,Up,0.14512282501118548,0.12501048903056344,0.2073183214445507,0.18383895445671095,180,180,FALSE
HALLMARK_HEME_METABOLISM,early_wound_vs_normal_skin,Down,Down,0.19548495549263858,0.1724587664358955,0.2715068826286647,0.2463696663369936,184,184,FALSE
HALLMARK_FATTY_ACID_METABOLISM,early_wound_vs_normal_skin,Up,Up,0.24053447473255937,0.26981440056445155,0.32504658747643156,0.3550189481111205,152,152,FALSE
HALLMARK_HEDGEHOG_SIGNALING,early_wound_vs_normal_skin,Up,Up,0.2571923666228517,0.19227236246165536,0.3384110087142786,0.2598275168400748,33,33,FALSE
HALLMARK_PI3K_AKT_MTOR_SIGNALING,early_wound_vs_normal_skin,Up,Up,0.2753665454813648,0.2888684767452202,0.3471286725702522,0.3610855959315252,102,102,FALSE
HALLMARK_NOTCH_SIGNALING,early_wound_vs_normal_skin,Down,Down,0.2777029380562018,0.2780122007602114,0.3471286725702522,0.35642589841052746,32,32,FALSE
HALLMARK_ESTROGEN_RESPONSE_EARLY,early_wound_vs_normal_skin,Down,Down,0.3712699818288966,0.44725161142268877,0.45276827052304464,0.53244239455082,197,197,FALSE
HALLMARK_BILE_ACID_METABOLISM,early_wound_vs_normal_skin,Down,Down,0.43130803801753925,0.39275340757428323,0.51346195002088,0.4789675702125405,97,97,FALSE
HALLMARK_CHOLESTEROL_HOMEOSTASIS,early_wound_vs_normal_skin,Up,Up,0.5180639106881751,0.5256778881651841,0.6023998961490409,0.5973612365513457,73,73,FALSE
HALLMARK_P53_PATHWAY,early_wound_vs_normal_skin,Down,Down,0.586476194759431,0.5189228229842633,0.6664502213175353,0.5973612365513457,200,200,FALSE
HALLMARK_ESTROGEN_RESPONSE_LATE,early_wound_vs_normal_skin,Down,Down,0.7055810720744027,0.7969870664066638,0.7698403272426645,0.8155048407448346,195,195,FALSE
HALLMARK_PEROXISOME,early_wound_vs_normal_skin,Down,Down,0.7161865153431757,0.6631580724048949,0.7698403272426645,0.7368423026721055,97,97,FALSE
HALLMARK_MITOTIC_SPINDLE,early_wound_vs_normal_skin,Up,Up,0.7283360086300883,0.7322523344191816,0.7698403272426645,0.7789918451267889,199,199,FALSE
HALLMARK_SPERMATOGENESIS,early_wound_vs_normal_skin,Up,Up,0.7390467141529579,0.7322408955328146,0.7698403272426645,0.7789918451267889,103,103,FALSE
HALLMARK_PROTEIN_SECRETION,early_wound_vs_normal_skin,Up,Up,0.8653615883710593,0.799194743929938,0.8830220289500604,0.8155048407448346,95,95,FALSE
HALLMARK_APICAL_SURFACE,early_wound_vs_normal_skin,Down,Up,0.9948305268014325,0.9261202906557889,0.9948305268014325,0.9261202906557889,43,43,FALSE
HALLMARK_E2F_TARGETS,hypertrophic_scar_vs_late_wound,Down,Down,4.628407923105961e-22,1.883893581317954e-14,2.3142039615529805e-20,2.4321740540633486e-13,200,200,TRUE
HALLMARK_TNFA_SIGNALING_VIA_NFKB,hypertrophic_scar_vs_late_wound,Down,Down,1.034532694616253e-20,2.506819945110853e-15,2.5863317365406327e-19,1.2534099725554266e-13,199,199,TRUE
HALLMARK_G2M_CHECKPOINT,hypertrophic_scar_vs_late_wound,Down,Down,2.0353068561511025e-18,2.228367762164162e-11,3.392178093585171e-17,1.5916912586886872e-10,199,199,TRUE
HALLMARK_MYC_TARGETS_V1,hypertrophic_scar_vs_late_wound,Down,Down,7.634754235951604e-17,5.559994692333163e-7,9.543442794939505e-16,3.0888859401850907e-6,199,199,TRUE
HALLMARK_ALLOGRAFT_REJECTION,hypertrophic_scar_vs_late_wound,Down,Down,2.1240291701722854e-16,1.8270300170263513e-14,2.1240291701722853e-15,2.4321740540633486e-13,189,189,TRUE
HALLMARK_INFLAMMATORY_RESPONSE,hypertrophic_scar_vs_late_wound,Down,Down,5.840481760820801e-16,2.358531705169316e-13,4.867068134017335e-15,2.358531705169316e-12,194,194,TRUE
HALLMARK_IL6_JAK_STAT3_SIGNALING,hypertrophic_scar_vs_late_wound,Down,Down,2.2255665276784776e-15,1.945739243250679e-14,1.5896903769131983e-14,2.4321740540633486e-13,85,85,TRUE
HALLMARK_INTERFERON_GAMMA_RESPONSE,hypertrophic_scar_vs_late_wound,Down,Down,1.1322693816530503e-14,3.5167180766437736e-12,7.076683635331564e-14,2.930598397203145e-11,199,199,TRUE
HALLMARK_MTORC1_SIGNALING,hypertrophic_scar_vs_late_wound,Down,Down,3.272165105749747e-11,4.9857438863035506e-5,1.8178695031943036e-10,2.077393285959813e-4,200,200,TRUE
HALLMARK_COMPLEMENT,hypertrophic_scar_vs_late_wound,Down,Down,5.844222312328128e-11,8.3325769082657e-9,2.9221111561640643e-10,5.2078605676660624e-8,192,192,TRUE
HALLMARK_INTERFERON_ALPHA_RESPONSE,hypertrophic_scar_vs_late_wound,Down,Down,3.904073968039694e-8,4.104161939471695e-6,1.7745790763816794e-7,2.0520809697358478e-5,97,97,TRUE
HALLMARK_OXIDATIVE_PHOSPHORYLATION,hypertrophic_scar_vs_late_wound,Down,Down,1.5327674292595285e-7,0.0015127865127433165,6.386530955248036e-7,0.004449372096303872,200,200,TRUE
HALLMARK_REACTIVE_OXYGEN_SPECIES_PATHWAY,hypertrophic_scar_vs_late_wound,Down,Down,3.1282163650245335e-7,6.146219176351063e-5,1.2031601403940514e-6,2.3639304524427165e-4,48,48,TRUE
HALLMARK_MYC_TARGETS_V2,hypertrophic_scar_vs_late_wound,Down,Down,1.4202383734308534e-6,0.001000400667548621,5.072279905110191e-6,0.0031262520860894406,58,58,TRUE
HALLMARK_IL2_STAT5_SIGNALING,hypertrophic_scar_vs_late_wound,Down,Down,6.515033103742556e-6,2.3467601686879506e-5,2.1716777012475188e-5,1.0667091675854322e-4,195,195,TRUE
HALLMARK_UV_RESPONSE_UP,hypertrophic_scar_vs_late_wound,Down,Down,1.9077426512943938e-5,4.3349727552889037e-4,5.961695785294981e-5,0.0014449909184296346,154,154,TRUE
HALLMARK_APOPTOSIS,hypertrophic_scar_vs_late_wound,Down,Down,4.489936938466138e-5,3.910828981430814e-4,1.3205696877841583e-4,0.0013967246362252908,159,159,TRUE
HALLMARK_UNFOLDED_PROTEIN_RESPONSE,hypertrophic_scar_vs_late_wound,Down,Down,1.316689879696828e-4,0.0186321933440058,3.6574718880467446e-4,0.04050476813914304,111,111,TRUE
HALLMARK_DNA_REPAIR,hypertrophic_scar_vs_late_wound,Down,Down,3.741218882518014e-4,0.010268830905448391,9.845312848731618e-4,0.028524530292912197,150,150,TRUE
HALLMARK_GLYCOLYSIS,hypertrophic_scar_vs_late_wound,Down,Down,0.0013045691565142133,0.014159132623661239,0.0031061170393195552,0.03726087532542431,191,191,TRUE
HALLMARK_HYPOXIA,hypertrophic_scar_vs_late_wound,Down,Down,0.0018777587004648974,0.016635992928101976,0.004267633410147495,0.03955377347865654,194,194,TRUE
HALLMARK_ADIPOGENESIS,hypertrophic_scar_vs_late_wound,Down,Down,0.00229013230567114,0.015617604186325204,0.004978548490589435,0.03904401046581301,198,198,TRUE
HALLMARK_XENOBIOTIC_METABOLISM,hypertrophic_scar_vs_late_wound,Down,Down,0.0035826796866596784,0.017403660330608875,0.007059972758237562,0.03955377347865654,182,182,TRUE
HALLMARK_KRAS_SIGNALING_UP,hypertrophic_scar_vs_late_wound,Down,Down,0.011359230295730986,0.02293403194319,0.021035611658761087,0.04777923321497917,192,192,TRUE
HALLMARK_UV_RESPONSE_DN,hypertrophic_scar_vs_late_wound,Up,Up,0.0169984697825324,0.024090503496269688,0.029307706521607583,0.048181006992539376,143,143,TRUE
HALLMARK_PI3K_AKT_MTOR_SIGNALING,hypertrophic_scar_vs_late_wound,Down,Down,8.232069180756897e-4,0.05649007307047223,0.0020580172951892243,0.09739667770771072,102,102,FALSE
HALLMARK_MITOTIC_SPINDLE,hypertrophic_scar_vs_late_wound,Down,Down,0.003427882113118682,0.053227082530548114,0.007059972758237562,0.09504836166169307,199,199,FALSE
HALLMARK_P53_PATHWAY,hypertrophic_scar_vs_late_wound,Down,Down,0.003671185834283532,0.09370867291212248,0.007059972758237562,0.151143020826004,200,200,FALSE
HALLMARK_FATTY_ACID_METABOLISM,hypertrophic_scar_vs_late_wound,Down,Down,0.011984897820475782,0.12873087309876385,0.021401603250849614,0.20114198921681853,152,152,FALSE
HALLMARK_COAGULATION,hypertrophic_scar_vs_late_wound,Down,Down,0.033378582004854884,0.030744398596051086,0.055630970008091474,0.0591238434539444,116,116,FALSE
HALLMARK_ANDROGEN_RESPONSE,hypertrophic_scar_vs_late_wound,Down,Down,0.04741887426697544,0.1813885626686894,0.07648205526931523,0.2748311555586203,99,99,FALSE
HALLMARK_HEDGEHOG_SIGNALING,hypertrophic_scar_vs_late_wound,Up,Up,0.06120396906653173,0.3088841230202029,0.09563120166645582,0.40642647765816176,33,33,FALSE
HALLMARK_ANGIOGENESIS,hypertrophic_scar_vs_late_wound,Down,Down,0.11488683292410527,0.03294024494428478,0.17407095897591707,0.061000453600527374,35,35,FALSE
HALLMARK_MYOGENESIS,hypertrophic_scar_vs_late_wound,Up,Up,0.14813273460291213,0.439217780755885,0.21784225676898844,0.48801975639542783,180,180,FALSE
HALLMARK_KRAS_SIGNALING_DN,hypertrophic_scar_vs_late_wound,Up,Up,0.1583158885327643,0.2092879823283915,0.22616555504680613,0.30777644460057574,150,150,FALSE
HALLMARK_SPERMATOGENESIS,hypertrophic_scar_vs_late_wound,Down,Down,0.19480015049854377,0.5099252482357659,0.27055576458131075,0.5442491168539468,103,103,FALSE
HALLMARK_TGF_BETA_SIGNALING,hypertrophic_scar_vs_late_wound,Down,Down,0.22804304836254907,0.2228361811667065,0.3081662815710123,0.3183374016667236,53,53,FALSE
HALLMARK_ESTROGEN_RESPONSE_EARLY,hypertrophic_scar_vs_late_wound,Up,Up,0.3037165614916627,0.09295919867964304,0.39962705459429304,0.151143020826004,197,197,FALSE
HALLMARK_CHOLESTEROL_HOMEOSTASIS,hypertrophic_scar_vs_late_wound,Down,Up,0.32311044575501435,0.9866755359498185,0.4142441612243774,0.9866755359498185,73,73,FALSE
HALLMARK_APICAL_JUNCTION,hypertrophic_scar_vs_late_wound,Down,Down,0.3611595261118079,0.24451586786580898,0.4514494076397599,0.3304268484673094,193,193,FALSE
HALLMARK_WNT_BETA_CATENIN_SIGNALING,hypertrophic_scar_vs_late_wound,Up,Up,0.5361113604482379,0.51159416984271,0.6537943420100463,0.5442491168539468,39,39,FALSE
HALLMARK_HEME_METABOLISM,hypertrophic_scar_vs_late_wound,Down,Up,0.5560635055708293,0.40024069791730343,0.6619803637747967,0.4620427742205872,184,184,FALSE
HALLMARK_NOTCH_SIGNALING,hypertrophic_scar_vs_late_wound,Down,Down,0.6516523980389501,0.6882371873579916,0.7577353465569188,0.7022828442428486,32,32,FALSE
HALLMARK_BILE_ACID_METABOLISM,hypertrophic_scar_vs_late_wound,Up,Up,0.7828281435403567,0.36617963109213436,0.8895774358413144,0.4465605257221151,97,97,FALSE
HALLMARK_PEROXISOME,hypertrophic_scar_vs_late_wound,Down,Up,0.8171519511047229,0.4065976413141167,0.8914589825913293,0.4620427742205872,97,97,FALSE
HALLMARK_PANCREAS_BETA_CELLS,hypertrophic_scar_vs_late_wound,Up,Up,0.820142263984023,0.3344729140876429,0.8914589825913293,0.4221904235385159,26,26,FALSE
HALLMARK_PROTEIN_SECRETION,hypertrophic_scar_vs_late_wound,Down,Up,0.851615628323819,0.23620833301612776,0.9059740726849138,0.32806712918906633,95,95,FALSE
HALLMARK_APICAL_SURFACE,hypertrophic_scar_vs_late_wound,Down,Down,0.9394104395526859,0.6758541294227987,0.973540945975878,0.7022828442428486,43,43,FALSE
HALLMARK_ESTROGEN_RESPONSE_LATE,hypertrophic_scar_vs_late_wound,Down,Up,0.9540701270563604,0.40119984502585637,0.973540945975878,0.4620427742205872,195,195,FALSE
HALLMARK_EPITHELIAL_MESENCHYMAL_TRANSITION,hypertrophic_scar_vs_late_wound,Up,Down,0.9906411795620423,0.3377523388308127,0.9906411795620423,0.4221904235385159,199,199,FALSE
HALLMARK_EPITHELIAL_MESENCHYMAL_TRANSITION,hypertrophic_scar_vs_normal_skin,Up,Up,3.059887958704257e-32,2.848934948159971e-36,1.5299439793521284e-30,1.4244674740799855e-34,199,199,TRUE
HALLMARK_ANGIOGENESIS,hypertrophic_scar_vs_normal_skin,Up,Up,8.099658532519269e-9,6.29322221407962e-9,2.0249146331298174e-7,1.0488703690132701e-7,35,35,TRUE
HALLMARK_COAGULATION,hypertrophic_scar_vs_normal_skin,Up,Up,1.8170019548741424e-8,1.529662742516474e-9,3.028336591456904e-7,3.8241568562911846e-8,116,116,TRUE
HALLMARK_UV_RESPONSE_DN,hypertrophic_scar_vs_normal_skin,Up,Up,1.7170139397872087e-5,2.6381180896797724e-6,2.1462674247340108e-4,3.297647612099715e-5,143,143,TRUE
HALLMARK_G2M_CHECKPOINT,hypertrophic_scar_vs_normal_skin,Down,Down,5.869998296259958e-5,0.015379570673042929,5.419750098486628e-4,0.04806115835325915,199,199,TRUE
HALLMARK_APICAL_JUNCTION,hypertrophic_scar_vs_normal_skin,Up,Up,1.034380393699646e-4,1.639897746470442e-5,7.388431383568901e-4,1.639897746470442e-4,193,193,TRUE
HALLMARK_KRAS_SIGNALING_UP,hypertrophic_scar_vs_normal_skin,Up,Up,8.255937724169883e-4,1.5851856961875493e-4,0.0044761121322930714,0.0013209880801562913,192,192,TRUE
HALLMARK_MYOGENESIS,hypertrophic_scar_vs_normal_skin,Up,Up,8.952224264586143e-4,0.0020233848233072722,0.0044761121322930714,0.01264615514567045,180,180,TRUE
HALLMARK_HEDGEHOG_SIGNALING,hypertrophic_scar_vs_normal_skin,Up,Up,0.003042297822105381,0.0034720827623004463,0.012676240925439088,0.019289348679446924,33,33,TRUE
HALLMARK_COMPLEMENT,hypertrophic_scar_vs_normal_skin,Up,Up,0.008964727731451991,0.0011012307607506549,0.0315888337231927,0.00786593400536182,192,192,TRUE
HALLMARK_ALLOGRAFT_REJECTION,hypertrophic_scar_vs_normal_skin,Up,Up,0.009476650116957808,0.005039657963043117,0.0315888337231927,0.02103710909297158,189,189,TRUE
HALLMARK_MYC_TARGETS_V1,hypertrophic_scar_vs_normal_skin,Down,Down,6.503700118183953e-5,0.2555611083135115,5.419750098486628e-4,0.4355584059557488,199,199,FALSE
HALLMARK_E2F_TARGETS,hypertrophic_scar_vs_normal_skin,Down,Down,1.3891435845582074e-4,0.029832872208200772,8.682147403488796e-4,0.07850755844263362,200,200,FALSE
HALLMARK_MYC_TARGETS_V2,hypertrophic_scar_vs_normal_skin,Down,Down,0.0016684962155922617,0.08469588381595701,0.007584073707237554,0.18412148655642827,58,58,FALSE
HALLMARK_P53_PATHWAY,hypertrophic_scar_vs_normal_skin,Down,Down,0.004537088222811332,0.028310448824396404,0.017450339318505124,0.07850755844263362,200,200,FALSE
HALLMARK_INTERFERON_GAMMA_RESPONSE,hypertrophic_scar_vs_normal_skin,Up,Up,0.02428938565437796,0.004634084512136722,0.07078697746514899,0.02103710909297158,199,199,FALSE
HALLMARK_OXIDATIVE_PHOSPHORYLATION,hypertrophic_scar_vs_normal_skin,Down,Down,0.025152433006580502,0.61272200896515,0.07078697746514899,0.7472219621526218,200,200,FALSE
HALLMARK_IL2_STAT5_SIGNALING,hypertrophic_scar_vs_normal_skin,Up,Up,0.026150123130571436,0.010380723421735884,0.07078697746514899,0.03460241140578628,195,195,FALSE
HALLMARK_INFLAMMATORY_RESPONSE,hypertrophic_scar_vs_normal_skin,Up,Up,0.026899051436756614,0.005526830214385576,0.07078697746514899,0.02125703928609837,194,194,FALSE
HALLMARK_INTERFERON_ALPHA_RESPONSE,hypertrophic_scar_vs_normal_skin,Up,Up,0.035029692255119205,0.005048906182313179,0.08757423063779801,0.02103710909297158,97,97,FALSE
HALLMARK_IL6_JAK_STAT3_SIGNALING,hypertrophic_scar_vs_normal_skin,Up,Up,0.04176378284273457,0.02599383987990555,0.09943757819698706,0.07645247023501632,85,85,FALSE
HALLMARK_PANCREAS_BETA_CELLS,hypertrophic_scar_vs_normal_skin,Up,Up,0.04954609952795803,0.007967529947048222,0.11260477165445007,0.028455464096600793,26,26,FALSE
HALLMARK_HEME_METABOLISM,hypertrophic_scar_vs_normal_skin,Down,Down,0.05636392416106776,0.2731607093131279,0.11755293748948464,0.4405817892147224,184,184,FALSE
HALLMARK_DNA_REPAIR,hypertrophic_scar_vs_normal_skin,Down,Down,0.05642540999495262,0.24675233443132674,0.11755293748948464,0.4355584059557488,150,150,FALSE
HALLMARK_PI3K_AKT_MTOR_SIGNALING,hypertrophic_scar_vs_normal_skin,Down,Down,0.07370968018324599,0.504533181874471,0.1441766196200921,0.6723374000772029,102,102,FALSE
HALLMARK_TGF_BETA_SIGNALING,hypertrophic_scar_vs_normal_skin,Up,Up,0.07497184220244789,0.03204033838268006,0.1441766196200921,0.08010084595670015,53,53,FALSE
HALLMARK_WNT_BETA_CATENIN_SIGNALING,hypertrophic_scar_vs_normal_skin,Down,Down,0.15696546305472095,0.15475196149727685,0.2906767834346684,0.3095039229945537,39,39,FALSE
HALLMARK_MTORC1_SIGNALING,hypertrophic_scar_vs_normal_skin,Down,Up,0.21447076814697122,0.30575594549427954,0.3726019229088,0.4777436648348118,200,200,FALSE
HALLMARK_MITOTIC_SPINDLE,hypertrophic_scar_vs_normal_skin,Down,Down,0.21610911528710403,0.5614831317797913,0.3726019229088,0.7018539147247391,199,199,FALSE
HALLMARK_TNFA_SIGNALING_VIA_NFKB,hypertrophic_scar_vs_normal_skin,Down,Down,0.23462654319125537,0.6899148114388454,0.3910442386520923,0.7886376416439399,199,199,FALSE
HALLMARK_SPERMATOGENESIS,hypertrophic_scar_vs_normal_skin,Down,Down,0.2679688306256007,0.5109764240586742,0.42755033856256797,0.6723374000772029,103,103,FALSE
HALLMARK_ESTROGEN_RESPONSE_LATE,hypertrophic_scar_vs_normal_skin,Down,Down,0.27771750876652634,0.7403103953441761,0.42755033856256797,0.7886376416439399,195,195,FALSE
HALLMARK_FATTY_ACID_METABOLISM,hypertrophic_scar_vs_normal_skin,Down,Down,0.2821832234512949,0.7398139772409047,0.42755033856256797,0.7886376416439399,152,152,FALSE
HALLMARK_NOTCH_SIGNALING,hypertrophic_scar_vs_normal_skin,Down,Down,0.30478307611969363,0.3252663203050066,0.44522602929103616,0.49282775803788875,32,32,FALSE
HALLMARK_PEROXISOME,hypertrophic_scar_vs_normal_skin,Down,Down,0.3116582205037253,0.7468535232062473,0.44522602929103616,0.7886376416439399,97,97,FALSE
HALLMARK_BILE_ACID_METABOLISM,hypertrophic_scar_vs_normal_skin,Down,Down,0.33375439114425187,0.48371824188118695,0.4635477654781276,0.6723374000772029,97,97,FALSE
HALLMARK_HYPOXIA,hypertrophic_scar_vs_normal_skin,Up,Up,0.36497099860410986,0.11056323055780722,0.48025073402717483,0.2303400636620984,194,194,FALSE
HALLMARK_GLYCOLYSIS,hypertrophic_scar_vs_normal_skin,Up,Up,0.3687836972589459,0.06201728163666573,0.48025073402717483,0.14766019437301364,191,191,FALSE
HALLMARK_ANDROGEN_RESPONSE,hypertrophic_scar_vs_normal_skin,Up,Up,0.37459557254119635,0.0843646062909956,0.48025073402717483,0.18412148655642827,99,99,FALSE
HALLMARK_APOPTOSIS,hypertrophic_scar_vs_normal_skin,Up,Up,0.4423796138000933,0.22650991023229958,0.5529745172501166,0.4355584059557488,159,159,FALSE
HALLMARK_KRAS_SIGNALING_DN,hypertrophic_scar_vs_normal_skin,Down,Down,0.46817790162608974,0.2574544101392736,0.5709486605196217,0.4355584059557488,150,150,FALSE
HALLMARK_ESTROGEN_RESPONSE_EARLY,hypertrophic_scar_vs_normal_skin,Down,Down,0.5077340015685785,0.9289812156352657,0.5904649676787362,0.9289812156352657,197,197,FALSE
HALLMARK_UNFOLDED_PROTEIN_RESPONSE,hypertrophic_scar_vs_normal_skin,Down,Up,0.5077998722037131,0.5041897028828102,0.5904649676787362,0.6723374000772029,111,111,FALSE
HALLMARK_CHOLESTEROL_HOMEOSTASIS,hypertrophic_scar_vs_normal_skin,Down,Up,0.5661611185587803,0.7570921359781823,0.6433649074531594,0.7886376416439399,73,73,FALSE
HALLMARK_APICAL_SURFACE,hypertrophic_scar_vs_normal_skin,Up,Up,0.6225942958060369,0.7378185275062019,0.6878961519061015,0.7886376416439399,43,43,FALSE
HALLMARK_UV_RESPONSE_UP,hypertrophic_scar_vs_normal_skin,Down,Up,0.6328644597536135,0.71638047264788,0.6878961519061015,0.7886376416439399,154,154,FALSE
HALLMARK_ADIPOGENESIS,hypertrophic_scar_vs_normal_skin,Down,Up,0.6653175758293285,0.8072844699469495,0.7077846551375835,0.823759663211173,198,198,FALSE
HALLMARK_REACTIVE_OXYGEN_SPECIES_PATHWAY,hypertrophic_scar_vs_normal_skin,Down,Up,0.8243056156527587,0.49474430033945693,0.8586516829716238,0.6723374000772029,48,48,FALSE
HALLMARK_PROTEIN_SECRETION,hypertrophic_scar_vs_normal_skin,Up,Up,0.9552480442694012,0.2613350435734493,0.967735562082527,0.4355584059557488,95,95,FALSE
HALLMARK_XENOBIOTIC_METABOLISM,hypertrophic_scar_vs_normal_skin,Up,Up,0.967735562082527,0.546116374791099,0.967735562082527,0.7001491984501269,182,182,FALSE
HALLMARK_EPITHELIAL_MESENCHYMAL_TRANSITION,late_wound_vs_normal_skin,Up,Up,9.16096193940946e-23,2.5082161639938376e-23,4.58048096970473e-21,1.2541080819969188e-21,199,199,TRUE
HALLMARK_ALLOGRAFT_REJECTION,late_wound_vs_normal_skin,Up,Up,1.3201138415548293e-10,5.797092268916471e-10,3.3002846038870734e-9,1.4492730672291178e-8,189,189,TRUE
HALLMARK_INTERFERON_GAMMA_RESPONSE,late_wound_vs_normal_skin,Up,Up,1.6538606397173516e-9,4.870411607561945e-9,2.7564343995289195e-8,8.117352679269909e-8,199,199,TRUE
HALLMARK_INFLAMMATORY_RESPONSE,late_wound_vs_normal_skin,Up,Up,3.1440464539480282e-9,7.608511137400429e-9,3.930058067435035e-8,9.219047147619203e-8,194,194,TRUE
HALLMARK_IL6_JAK_STAT3_SIGNALING,late_wound_vs_normal_skin,Up,Up,4.713131395587522e-9,9.219047147619203e-9,4.713131395587522e-8,9.219047147619203e-8,85,85,TRUE
HALLMARK_COAGULATION,late_wound_vs_normal_skin,Up,Up,1.2228793555932296e-8,1.2820896890550192e-8,1.0190661296610247e-7,1.0684080742125161e-7,116,116,TRUE
HALLMARK_ANGIOGENESIS,late_wound_vs_normal_skin,Up,Up,2.0689849771777683e-8,1.859537287070092e-8,1.316260977946477e-7,1.32824091933578e-7,35,35,TRUE
HALLMARK_COMPLEMENT,late_wound_vs_normal_skin,Up,Up,2.106017564714363e-8,3.225520795623787e-8,1.316260977946477e-7,2.015950497264867e-7,192,192,TRUE
HALLMARK_INTERFERON_ALPHA_RESPONSE,late_wound_vs_normal_skin,Up,Up,2.099708626265223e-6,4.072322531632613e-6,1.1665047923695683e-5,2.2624014064625626e-5,97,97,TRUE
HALLMARK_IL2_STAT5_SIGNALING,late_wound_vs_normal_skin,Up,Up,2.5849812807387706e-5,3.83399988241526e-5,1.2924906403693852e-4,1.9169999412076299e-4,195,195,TRUE
HALLMARK_KRAS_SIGNALING_UP,late_wound_vs_normal_skin,Up,Up,4.8882941131710335e-5,8.239690064530722e-5,2.221951869623197e-4,3.433204193554468e-4,192,192,TRUE
HALLMARK_TNFA_SIGNALING_VIA_NFKB,late_wound_vs_normal_skin,Up,Up,6.160515062038561e-5,9.12089532323541e-5,2.5668812758494004e-4,3.5080366627828505e-4,199,199,TRUE
HALLMARK_APICAL_JUNCTION,late_wound_vs_normal_skin,Up,Up,1.2886056271022912e-4,7.101587013459389e-5,4.956175488854966e-4,3.227994097026995e-4,193,193,TRUE
HALLMARK_APOPTOSIS,late_wound_vs_normal_skin,Up,Up,0.004154380743174035,0.0042313731563007025,0.014837074082764412,0.014104577187669009,159,159,TRUE
HALLMARK_MTORC1_SIGNALING,late_wound_vs_normal_skin,Up,Up,0.00793088334973062,0.002224389842475689,0.02611086663652979,0.007944249437413176,200,200,TRUE
HALLMARK_REACTIVE_OXYGEN_SPECIES_PATHWAY,late_wound_vs_normal_skin,Up,Up,0.008355477323689534,0.005972418939269166,0.02611086663652979,0.01756593805667402,48,48,TRUE
HALLMARK_GLYCOLYSIS,late_wound_vs_normal_skin,Up,Up,0.010398195257231313,0.004837956079293193,0.030582927227150922,0.015118612747791227,191,191,TRUE
HALLMARK_HYPOXIA,late_wound_vs_normal_skin,Up,Up,0.014094008932039293,0.012276182589423637,0.039150024811220256,0.03230574365637799,194,194,TRUE
HALLMARK_UV_RESPONSE_DN,late_wound_vs_normal_skin,Up,Up,0.02186175474042083,0.019960753268481856,0.057530933527423236,0.04990188317120464,143,143,FALSE
HALLMARK_E2F_TARGETS,late_wound_vs_normal_skin,Up,Up,0.02606889771570341,0.007441826427744967,0.06517224428925852,0.020671740077069352,200,200,FALSE
HALLMARK_TGF_BETA_SIGNALING,late_wound_vs_normal_skin,Up,Up,0.03415805822321087,0.02356877491026873,0.08132871005526397,0.056116130738735066,53,53,FALSE
HALLMARK_MYOGENESIS,late_wound_vs_normal_skin,Up,Up,0.042628033055316705,0.04668789435464005,0.09688189330753798,0.09612979947690341,180,180,FALSE
HALLMARK_UV_RESPONSE_UP,late_wound_vs_normal_skin,Up,Up,0.04607146025534115,0.028791600889869623,0.10015534838117642,0.06543545656788552,154,154,FALSE
HALLMARK_ANDROGEN_RESPONSE,late_wound_vs_normal_skin,Up,Up,0.06300374450291892,0.04106424981754667,0.13125780104774776,0.08927010829901451,99,99,FALSE
HALLMARK_XENOBIOTIC_METABOLISM,late_wound_vs_normal_skin,Up,Up,0.09747468539800533,0.08089341532511783,0.19494937079601066,0.14445252736628186,182,182,FALSE
HALLMARK_UNFOLDED_PROTEIN_RESPONSE,late_wound_vs_normal_skin,Up,Up,0.10958706110347707,0.06424005765548178,0.2089873135897531,0.11896306973237367,111,111,FALSE
HALLMARK_HEDGEHOG_SIGNALING,late_wound_vs_normal_skin,Up,Up,0.11778215962947275,0.09764230612293938,0.2089873135897531,0.1683488036602403,33,33,FALSE
HALLMARK_G2M_CHECKPOINT,late_wound_vs_normal_skin,Up,Up,0.12097155285681106,0.04998749572798977,0.2089873135897531,0.09612979947690341,199,199,FALSE
HALLMARK_PANCREAS_BETA_CELLS,late_wound_vs_normal_skin,Up,Up,0.1212126418820568,0.10635902525733788,0.2089873135897531,0.17726504209556315,26,26,FALSE
HALLMARK_WNT_BETA_CATENIN_SIGNALING,late_wound_vs_normal_skin,Down,Down,0.1277113108329084,0.14200060552307178,0.21285218472151402,0.22187594612979966,39,39,FALSE
HALLMARK_KRAS_SIGNALING_DN,late_wound_vs_normal_skin,Down,Down,0.18063092790659147,0.14688782792373328,0.2764146541247864,0.22255731503595952,150,150,FALSE
HALLMARK_MYC_TARGETS_V1,late_wound_vs_normal_skin,Up,Up,0.18108486549663028,0.04974043292167264,0.2764146541247864,0.09612979947690341,199,199,FALSE
HALLMARK_ADIPOGENESIS,late_wound_vs_normal_skin,Up,Up,0.182433671722359,0.12967728751582683,0.2764146541247864,0.20915691534810776,198,198,FALSE
HALLMARK_HEME_METABOLISM,late_wound_vs_normal_skin,Down,Down,0.19876019547921597,0.20157474967808822,0.29229440511649407,0.28796392811155463,184,184,FALSE
HALLMARK_ESTROGEN_RESPONSE_EARLY,late_wound_vs_normal_skin,Down,Down,0.26209231826708396,0.3301497178206655,0.3744175975244057,0.4461482673252236,197,197,FALSE
HALLMARK_OXIDATIVE_PHOSPHORYLATION,late_wound_vs_normal_skin,Up,Up,0.29016257581561644,0.15254490958417075,0.40300357752168947,0.2243307493884864,200,200,FALSE
HALLMARK_BILE_ACID_METABOLISM,late_wound_vs_normal_skin,Down,Down,0.3208747193262717,0.3020745155768234,0.4336144855760428,0.4195479383011436,97,97,FALSE
HALLMARK_ESTROGEN_RESPONSE_LATE,late_wound_vs_normal_skin,Down,Down,0.39980694480681556,0.5205236224939378,0.526061769482652,0.6347849054804119,195,195,FALSE
HALLMARK_P53_PATHWAY,late_wound_vs_normal_skin,Down,Down,0.42791656768988073,0.4387891506484184,0.5486109842177959,0.5773541455900243,200,200,FALSE
HALLMARK_PEROXISOME,late_wound_vs_normal_skin,Down,Down,0.46211738245686207,0.4917174768191277,0.5776467280710775,0.6304070215629842,97,97,FALSE
HALLMARK_NOTCH_SIGNALING,late_wound_vs_normal_skin,Down,Down,0.5357423786388718,0.5650594734265018,0.653344364193746,0.6570458993331416,32,32,FALSE
HALLMARK_MITOTIC_SPINDLE,late_wound_vs_normal_skin,Up,Up,0.5656796337197632,0.5151845014496594,0.6734281353806704,0.6347849054804119,199,199,FALSE
HALLMARK_FATTY_ACID_METABOLISM,late_wound_vs_normal_skin,Up,Up,0.6712666516162109,0.5969323972988387,0.7656904790897565,0.663258219220932,152,152,FALSE
HALLMARK_APICAL_SURFACE,late_wound_vs_normal_skin,Up,Up,0.6738076215989857,0.6270393187419911,0.7656904790897565,0.6670631050446714,43,43,FALSE
HALLMARK_PI3K_AKT_MTOR_SIGNALING,late_wound_vs_normal_skin,Up,Up,0.6951097735306149,0.5578350605868259,0.7723441928117943,0.6570458993331416,102,102,FALSE
HALLMARK_DNA_REPAIR,late_wound_vs_normal_skin,Up,Up,0.720969743518411,0.5891130400115829,0.783662764693925,0.663258219220932,150,150,FALSE
HALLMARK_SPERMATOGENESIS,late_wound_vs_normal_skin,Down,Down,0.873944277680584,0.9598834117281723,0.9127137194540066,0.9598834117281723,103,103,FALSE
HALLMARK_PROTEIN_SECRETION,late_wound_vs_normal_skin,Up,Up,0.8762051706758462,0.7471997456145091,0.9127137194540066,0.7783330683484471,95,95,FALSE
HALLMARK_MYC_TARGETS_V2,late_wound_vs_normal_skin,Up,Up,0.9638513198923462,0.6160878746592088,0.9665779105992045,0.6670631050446714,58,58,FALSE
HALLMARK_CHOLESTEROL_HOMEOSTASIS,late_wound_vs_normal_skin,Up,Up,0.9665779105992045,0.8641209803276808,0.9665779105992045,0.8817561023751845,73,73,FALSE
