Sample_name,Condition,Donor,Seq_Batch,AnnoType,annotated_spots,ECM_organization,cell_cycle_mitotic,collagen_biosynthesis,collagen_formation,innate_immune_system,neutrophil_degranulation
Donor1_Skin,Skin,Donor1,1,Basal_epi,38,0.2562793779918757,0.2444895035346009,0.36165515872876464,0.34117875565892014,0.2623121018644043,0.37244462836496467
Donor1_Skin,Skin,Donor1,1,Dermis1,58,0.2622567998487969,0.07566904481065256,0.40504826279857237,0.3452454340349651,0.12766429056369893,0.18729595161039547
Donor1_Skin,Skin,Donor1,1,Dermis2,5,0.2792071719715524,0.0898013752239332,0.3775926429073048,0.37162441334091956,0.14102625216646764,0.19090675353831857
Donor1_Skin,Skin,Donor1,1,FB1,42,0.3476666323444849,0.0897186361527454,0.5613342495954969,0.47157972270015974,0.15236410679416101,0.22574729570636223
Donor1_Skin,Skin,Donor1,1,FB2,165,0.4032291444856911,0.10608479449818035,0.617140452474627,0.53309395289209,0.17991922475613012,0.2627905133972461
Donor1_Skin,Skin,Donor1,1,Hair_follicle,2,0.2594896703588896,0.061166287148667516,0.4310844190438272,0.3563727503925092,0.11336624467668305,0.1702207120655621
Donor1_Skin,Skin,Donor1,1,Immune,52,0.31173864952067376,0.1049102998961907,0.46529886910687046,0.40424362865836283,0.17384830102154464,0.24935009260447463
Donor1_Skin,Skin,Donor1,1,Immune_endo,119,0.35796428170894307,0.14542033313669686,0.4860343877720532,0.4334198356160591,0.22657452865933203,0.31453544339332973
Donor1_Skin,Skin,Donor1,1,LE,19,0.3737610971259135,0.1589400831001029,0.4688336919427661,0.4379611267435427,0.23607725213922445,0.3308296353199995
Donor1_Skin,Skin,Donor1,1,Mast_cell,9,0.2640947581032631,0.07804650685332956,0.43279548203908363,0.3539175351273682,0.12971543161398513,0.18676668464323387
Donor1_Skin,Skin,Donor1,1,Papillary_dermis,30,0.19521460291678477,0.09610730172428178,0.2996567476551151,0.26333199656487305,0.14121571495160018,0.20770930359712583
Donor1_Skin,Skin,Donor1,1,Sebaceous_gland,3,0.22174015400570168,0.06679526183723267,0.30375427539650274,0.25137696504921153,0.10388774914591559,0.16070001616800575
Donor1_Skin,Skin,Donor1,1,Smooth_muscle,48,0.3244663332666226,0.12578992918451856,0.4166017214435244,0.3736443653867552,0.17666610121748583,0.24695396831526292
Donor1_Skin,Skin,Donor1,1,Suprabasal_epi,95,0.2037785938774464,0.16430209759264255,0.2873795394366411,0.2587121756496683,0.1999232603310303,0.2943542396265869
Donor1_Skin,Skin,Donor1,1,Sweat_gland,15,0.3234340049689488,0.17981050345780353,0.4159369281984696,0.42343226079245877,0.2435855789324296,0.3520965778000834
Donor1_Skin,Skin,Donor1,1,Sweatgland_FB,70,0.23879643913692655,0.09669600753667477,0.34591831388681554,0.2988446468724568,0.15548141606479296,0.21523913428443806
Donor1_Skin,Skin,Donor1,1,Wound_edges,40,0.22977358395945213,0.12030948149242812,0.33182701759702815,0.2930472197440193,0.16626958944483544,0.24484255246024503
Donor1_Wound1,Wound1,Donor1,1,Basal_epi,134,0.13129598159955905,0.14975841873876228,0.14581421983271317,0.1620670708946351,0.18390519597425942,0.2667313552795599
Donor1_Wound1,Wound1,Donor1,1,Dermis1,245,0.092428158885014,0.07166098325488518,0.07389416270120494,0.08703327392704968,0.1342147200802238,0.20192716694359558
Donor1_Wound1,Wound1,Donor1,1,Dermis2,18,0.09630164936658808,0.07092363737735878,0.06813682898007553,0.0889513084426283,0.10881623540068726,0.1560570097965338
Donor1_Wound1,Wound1,Donor1,1,FB1,70,0.14461064080153163,0.08641225577170425,0.17963618470389725,0.18033916395097424,0.1254261020697046,0.18207328159194844
Donor1_Wound1,Wound1,Donor1,1,FB2,93,0.2429356129339393,0.14142370277299335,0.31655163727162816,0.30910429883872365,0.20163374140248108,0.29453272497942995
Donor1_Wound1,Wound1,Donor1,1,Hair_follicle,28,0.35972057368342547,0.22335510254484675,0.4144879862421161,0.4375218456195361,0.26982281028806976,0.37230252951871046
Donor1_Wound1,Wound1,Donor1,1,Immune,166,0.11429897077461901,0.08468646733698357,0.08355175070957237,0.11041739930032758,0.15847468954608102,0.23897949025426202
Donor1_Wound1,Wound1,Donor1,1,Immune_endo,144,0.2096620815047695,0.14915755477686196,0.23871991944084453,0.24307330724686624,0.22608627395357217,0.3253959115373666
Donor1_Wound1,Wound1,Donor1,1,LE,21,0.15943382112421745,0.12786553060192207,0.1683438457866912,0.1750477123508936,0.1848516386351808,0.27956007517635734
Donor1_Wound1,Wound1,Donor1,1,Mast_cell,3,0.07582487553802952,0.0848274601563432,0.03195251347293477,0.06631403223305363,0.11775557814599448,0.20232484432810127
Donor1_Wound1,Wound1,Donor1,1,Papillary_dermis,40,0.20185397886364204,0.15196343545676866,0.26564615859699736,0.25934688285965357,0.2085618750182412,0.30894371545922256
Donor1_Wound1,Wound1,Donor1,1,Sebaceous_gland,27,0.059652153030705354,0.051123156323789734,0.044646554929983845,0.05169618106566775,0.09017309184676726,0.13384856607957019
Donor1_Wound1,Wound1,Donor1,1,Smooth_muscle,45,0.1638772340648853,0.10925417040290587,0.15776620708914055,0.1682368863492339,0.16214914225177585,0.23888360055380084
Donor1_Wound1,Wound1,Donor1,1,Suprabasal_epi,241,0.09446605035703588,0.10340589591175642,0.08677630408931226,0.09984905983599622,0.14834225691873046,0.22415204117635468
Donor1_Wound1,Wound1,Donor1,1,Sweat_gland,12,0.2787397913193937,0.26872455523353805,0.22726272938731806,0.3472424960515794,0.31942885318420167,0.4538399989451962
Donor1_Wound1,Wound1,Donor1,1,Sweatgland_FB,320,0.13136667693460546,0.09732815005070941,0.10854572410014171,0.13512646809234125,0.15611472296219966,0.22278531931770637
Donor1_Wound1,Wound1,Donor1,1,Wound_edges,225,0.15739117280610623,0.1589102189212143,0.14122683758705612,0.17334646954245997,0.22485124251414793,0.34012244118822327
Donor1_Wound30,Wound30,Donor1,1,Basal_epi,62,0.30776544273741224,0.31574525707513934,0.4299224018284525,0.4130759244079126,0.32516893191948576,0.45349733910291534
Donor1_Wound30,Wound30,Donor1,1,Dermis1,120,0.21004060135184882,0.07424956517483931,0.32737223121292014,0.2808308304204271,0.12275367533989402,0.1840501466817281
Donor1_Wound30,Wound30,Donor1,1,Dermis2,17,0.3802095605956302,0.17710945094292185,0.5105452056572626,0.47762952666161324,0.24266695312400735,0.3369660238402726
Donor1_Wound30,Wound30,Donor1,1,FB1,75,0.27762054641829154,0.0770678807214659,0.4963015580920593,0.4081281484091172,0.1295853707438105,0.19318719496261205
Donor1_Wound30,Wound30,Donor1,1,FB2,177,0.38456696067225304,0.11456827277163116,0.6059135763373003,0.5207443728396175,0.1876027159095547,0.2747013979967609
Donor1_Wound30,Wound30,Donor1,1,Hair_follicle,14,0.48393662527681874,0.2615724431042327,0.6117792518792519,0.5908994586581056,0.3120257234653564,0.4248810664060139
Donor1_Wound30,Wound30,Donor1,1,Immune,83,0.26511765768961826,0.11954438174706954,0.3833172732001358,0.3457857056868703,0.19279125345682604,0.2780482230100484
Donor1_Wound30,Wound30,Donor1,1,Immune_endo,161,0.40610152657550075,0.19068086132413584,0.558535045690462,0.505037466441999,0.2815384681847684,0.39310214805814003
Donor1_Wound30,Wound30,Donor1,1,LE,30,0.28697648450917745,0.13639089063425291,0.39967129241119115,0.3613567191621012,0.20399723344849363,0.2901110519074832
Donor1_Wound30,Wound30,Donor1,1,Mast_cell,12,0.21995432373579524,0.08175993499439266,0.3119740612544583,0.24952992623806902,0.13705512493322036,0.20412698789391004
Donor1_Wound30,Wound30,Donor1,1,Papillary_dermis,58,0.2639111188552699,0.12155185063242599,0.4046452057838212,0.35551722612254666,0.18402246663711802,0.2698953683175706
Donor1_Wound30,Wound30,Donor1,1,Sebaceous_gland,12,0.17288102631965516,0.06417743832449617,0.2960970969520237,0.2623385987952158,0.09728489349104301,0.14595100056806395
Donor1_Wound30,Wound30,Donor1,1,Smooth_muscle,83,0.40272912409955447,0.17800789068890474,0.518117632300213,0.46716176959676875,0.24402269318808145,0.3451279680870881
Donor1_Wound30,Wound30,Donor1,1,Suprabasal_epi,82,0.23854623315242796,0.2753917533812637,0.2870738976349411,0.2832122877635252,0.3217089330725343,0.46801798507113207
Donor1_Wound30,Wound30,Donor1,1,Sweat_gland,13,0.34008875643989495,0.24522333458986686,0.3850401242141132,0.4229217013411662,0.30350061155680885,0.4144002326940019
Donor1_Wound30,Wound30,Donor1,1,Sweatgland_FB,176,0.22831361421731147,0.11599818603183584,0.31900597913319045,0.28913591582745735,0.17359358191534502,0.24019486424549782
Donor1_Wound30,Wound30,Donor1,1,Wound_edges,103,0.33666078064656657,0.25129456296889396,0.42936995596567357,0.40807702821737846,0.3158167356595239,0.45674216999322054
Donor1_Wound7,Wound7,Donor1,1,Basal_epi,64,0.2752585891923404,0.33992937564626646,0.32685653526790803,0.35074014756496663,0.34935373081928073,0.4891429364241728
Donor1_Wound7,Wound7,Donor1,1,Dermis1,215,0.22533880394024436,0.13878590321044418,0.2830763117802165,0.3248460282106654,0.21007067687396622,0.325317525747967
Donor1_Wound7,Wound7,Donor1,1,Dermis2,15,0.25841121837278913,0.15147866666005597,0.3521693007138393,0.3663479495184383,0.19859948147569081,0.2879143418625828
Donor1_Wound7,Wound7,Donor1,1,FB1,44,0.3322371175170904,0.20503610462667818,0.48204030768846545,0.48191935685254045,0.26699330658801673,0.3940885203309215
Donor1_Wound7,Wound7,Donor1,1,FB2,75,0.3190831957202744,0.15690971255941824,0.40429120732721624,0.39551543670681905,0.23219471169107317,0.33727548805508095
Donor1_Wound7,Wound7,Donor1,1,Hair_follicle,8,0.23895694206908447,0.1484798606325243,0.3012533198077301,0.3466289648316507,0.2126059793725929,0.32954085843235376
Donor1_Wound7,Wound7,Donor1,1,Immune,97,0.24684827639837129,0.15660555744440124,0.29693763095943604,0.3386708478840347,0.24247344131122076,0.36748648345134294
Donor1_Wound7,Wound7,Donor1,1,Immune_endo,168,0.4228544668445565,0.2639635194109191,0.5742683744713245,0.5582960257899741,0.3398321784556643,0.48064046282258166
Donor1_Wound7,Wound7,Donor1,1,LE,21,0.27871526321120693,0.16772309558965906,0.3679021677293105,0.3663131767497925,0.23636036376957367,0.3455501656539767
Donor1_Wound7,Wound7,Donor1,1,Mast_cell,6,0.2747952081186462,0.13215399509052703,0.4077621641598628,0.39522956547618576,0.18874373480912363,0.28833429128917887
Donor1_Wound7,Wound7,Donor1,1,Papillary_dermis,73,0.24999625790311036,0.16244209607098772,0.34279535399360356,0.33679971211161785,0.22579696957232154,0.3364296783215999
Donor1_Wound7,Wound7,Donor1,1,Sebaceous_gland,16,0.17487870152480658,0.09135946342539077,0.1922574922662835,0.22163619221515002,0.1604167486400813,0.2444352204637352
Donor1_Wound7,Wound7,Donor1,1,Smooth_muscle,62,0.3294814350239506,0.18354682222261812,0.43535400409027336,0.4448610259354689,0.25377953140267684,0.37076606375787624
Donor1_Wound7,Wound7,Donor1,1,Suprabasal_epi,259,0.20968186816335166,0.16246701008867773,0.23496471236035502,0.28451299798797725,0.2345584822863654,0.35964926243977113
Donor1_Wound7,Wound7,Donor1,1,Sweat_gland,10,0.3286231705538569,0.2579770632010009,0.3553445853783612,0.4108601615253703,0.30403706422573296,0.43344797920395167
Donor1_Wound7,Wound7,Donor1,1,Sweatgland_FB,131,0.23698624395041995,0.14165541226166406,0.2633109404705005,0.2902266024310251,0.21469497073300167,0.30968007170208134
Donor1_Wound7,Wound7,Donor1,1,Wound_edges,425,0.28481882138552445,0.20107235908777124,0.2849768309697059,0.4037665653416868,0.28446634798095105,0.43091410844668054
Donor2_Skin,Skin,Donor2,2,Basal_epi,32,0.32760528736596695,0.30192184625640645,0.39052388423879875,0.3921074706554699,0.32335457585461974,0.45188103131580065
Donor2_Skin,Skin,Donor2,2,Dermis1,102,0.24954992121668287,0.08473241788643669,0.36044580104496293,0.3132202563877798,0.13369586713491927,0.19967691527531306
Donor2_Skin,Skin,Donor2,2,Dermis2,7,0.31617663598892554,0.1240713728689021,0.34482294470794045,0.3232535802465394,0.18362087017493225,0.2656112647112149
Donor2_Skin,Skin,Donor2,2,FB1,67,0.30043141880627894,0.07778882801005246,0.4697289593664059,0.39130616833962656,0.1343438824622482,0.19886577631590172
Donor2_Skin,Skin,Donor2,2,FB2,189,0.38733935926371454,0.11409176282816237,0.5377780980302436,0.4677524712162488,0.19049178719274498,0.28163422670142624
Donor2_Skin,Skin,Donor2,2,Hair_follicle,2,0.22345663801830273,0.046626202130930494,0.4688663429891367,0.38974366916928016,0.10372591919714005,0.16862113020486363
Donor2_Skin,Skin,Donor2,2,Immune,68,0.2939246262774012,0.09869804313088204,0.407744910945346,0.36172964511058436,0.1703898850002463,0.2489867252442903
Donor2_Skin,Skin,Donor2,2,Immune_endo,120,0.36344837238451,0.1583433694739023,0.45844295752305825,0.41977317262765684,0.24086655142343097,0.343939157928551
Donor2_Skin,Skin,Donor2,2,LE,11,0.3013429721431954,0.12484493859078669,0.3745510227961344,0.319344765033579,0.1885702560090359,0.2764939021834007
Donor2_Skin,Skin,Donor2,2,Mast_cell,14,0.2691872758274652,0.08193939964114842,0.378235317427741,0.3317801280453896,0.14066939883463533,0.21533300198894187
Donor2_Skin,Skin,Donor2,2,Papillary_dermis,35,0.2560661442655471,0.1239230841298604,0.34666340642687715,0.30426451398777754,0.16927299161545795,0.2559746487320292
Donor2_Skin,Skin,Donor2,2,Sebaceous_gland,6,0.17751514598082754,0.04013310439147503,0.2689434977495366,0.21990201804673803,0.07084818805922337,0.11663802403177392
Donor2_Skin,Skin,Donor2,2,Smooth_muscle,57,0.3238537169585316,0.13813096516841628,0.4065581688116436,0.3644626268179616,0.1950654095702475,0.2763956436665968
Donor2_Skin,Skin,Donor2,2,Suprabasal_epi,46,0.256275558518844,0.2821609191966284,0.277582489473926,0.28707614649335844,0.30949306479891286,0.4433961557529259
Donor2_Skin,Skin,Donor2,2,Sweat_gland,8,0.2623964202878535,0.1530554608572045,0.33600753023733726,0.3187504511284412,0.20310966818708812,0.29376044321657585
Donor2_Skin,Skin,Donor2,2,Sweatgland_FB,25,0.21652216763355997,0.07732406892698437,0.33430884963170565,0.28086772824841444,0.12157821465210274,0.18213424399681255
Donor2_Skin,Skin,Donor2,2,Wound_edges,53,0.22460491227371251,0.08788125046939421,0.34000557038430534,0.2990040853849099,0.12903822066144982,0.19780764138510576
Donor2_Wound1,Wound1,Donor2,2,Basal_epi,106,0.18509528452197954,0.1855378515802819,0.18269040280846918,0.21455026188730722,0.22120153505342005,0.31930485227537814
Donor2_Wound1,Wound1,Donor2,2,Dermis1,311,0.15048080380684606,0.11551375838684211,0.1291743874768322,0.16222791231371492,0.18340125880305524,0.2730393402263715
Donor2_Wound1,Wound1,Donor2,2,Dermis2,16,0.3572026844742533,0.23458279507876462,0.34036561819627953,0.38951447172815734,0.30379816322990755,0.4220069105659367
Donor2_Wound1,Wound1,Donor2,2,FB1,69,0.17973480841415257,0.10416121100643018,0.1989143529345279,0.22208120416042876,0.15618531247235623,0.23185027839113917
Donor2_Wound1,Wound1,Donor2,2,FB2,143,0.23811760732134116,0.1288959200692343,0.23899756652234272,0.26747509569757083,0.19433771422779247,0.28366095799680424
Donor2_Wound1,Wound1,Donor2,2,Hair_follicle,34,0.36108979689381504,0.24786149619349812,0.37670833148367017,0.42783154381929955,0.2886487999110949,0.40471681457661796
Donor2_Wound1,Wound1,Donor2,2,Immune,165,0.21607310969090984,0.16798593984091326,0.18589383833943454,0.2329851004254361,0.24823148961420163,0.3654078930337133
Donor2_Wound1,Wound1,Donor2,2,Immune_endo,234,0.27367604670730383,0.20026718456500767,0.2753095054444838,0.3045590810124359,0.27596995868926627,0.395621056211481
Donor2_Wound1,Wound1,Donor2,2,LE,38,0.21893332147672342,0.15793718962015332,0.21109221878556483,0.2493774045445477,0.2240443513847251,0.3256993926134323
Donor2_Wound1,Wound1,Donor2,2,Mast_cell,7,0.1557709840729733,0.12609191439010362,0.14909361190162132,0.160994716939815,0.1701983839712701,0.2426081215876881
Donor2_Wound1,Wound1,Donor2,2,Papillary_dermis,72,0.181062980959424,0.12938621981226475,0.1854835634938479,0.2023693966545453,0.18925167223378703,0.2816845715155117
Donor2_Wound1,Wound1,Donor2,2,Sebaceous_gland,19,0.09125015598216567,0.06437356344918166,0.07440231154796344,0.09624045844518653,0.11173851244332045,0.17771279207053858
Donor2_Wound1,Wound1,Donor2,2,Smooth_muscle,65,0.30958423739177654,0.21728599399366202,0.2954291463248263,0.32464767828397006,0.27549195024681317,0.3864703527531301
Donor2_Wound1,Wound1,Donor2,2,Suprabasal_epi,160,0.18070458649940874,0.18239314498143222,0.16737862664952372,0.1996213776793646,0.23446970129914005,0.3428035659260575
Donor2_Wound1,Wound1,Donor2,2,Sweat_gland,46,0.19595713231783152,0.15907181355685343,0.1715781052331136,0.2426276506704865,0.2215719589021916,0.3243941551946277
Donor2_Wound1,Wound1,Donor2,2,Sweatgland_FB,126,0.17292926133121603,0.12595054590056254,0.15723525454327908,0.19241096151320444,0.18444631793558044,0.25967328448449256
Donor2_Wound1,Wound1,Donor2,2,Wound_edges,147,0.19746549066050248,0.17268314448942174,0.18139955801110733,0.23209457798337027,0.2336777345537427,0.34313647635650313
Donor2_Wound30,Wound30,Donor2,2,Basal_epi,72,0.4056968697627742,0.34401844443411256,0.6264397296563193,0.5778396404681407,0.35961536288261775,0.49604386092581376
Donor2_Wound30,Wound30,Donor2,2,Dermis1,283,0.35325183337221433,0.09730819365045858,0.6523166515900073,0.5398147759848347,0.14374659086631575,0.2078611327315387
Donor2_Wound30,Wound30,Donor2,2,Dermis2,38,0.31556650249059087,0.12653397689798962,0.5372196427095681,0.45174863869154325,0.17734790949324605,0.2485108505732808
Donor2_Wound30,Wound30,Donor2,2,FB1,462,0.5875124994661549,0.21261637893143026,1.013131529861224,0.8644129639563732,0.26899058721144975,0.3764823905589409
Donor2_Wound30,Wound30,Donor2,2,FB2,274,0.5017894271564568,0.14815398819412984,0.8212635431146565,0.7031568059989823,0.21508094640120395,0.30387747630450496
Donor2_Wound30,Wound30,Donor2,2,Hair_follicle,15,0.32426789113584886,0.07422986022305218,0.6361230676196157,0.5126674697572728,0.10521559621684896,0.1552098761107031
Donor2_Wound30,Wound30,Donor2,2,Immune,131,0.4191775715326923,0.15592524866330484,0.670674643461815,0.5864531765385914,0.23961028936783674,0.33701143338854317
Donor2_Wound30,Wound30,Donor2,2,Immune_endo,317,0.5135232043597893,0.21380316034239655,0.8176833086328398,0.7116480200151898,0.2918815757113551,0.40171403509738346
Donor2_Wound30,Wound30,Donor2,2,LE,30,0.49524510209666445,0.2064323928709629,0.7814295522070304,0.6906347381807472,0.2797120250918352,0.38821666134427457
Donor2_Wound30,Wound30,Donor2,2,Mast_cell,23,0.5208985812740279,0.19063303082784613,0.8495222539720855,0.7312658557716358,0.2597563494657981,0.36006557994592964
Donor2_Wound30,Wound30,Donor2,2,Papillary_dermis,160,0.3529630714683244,0.12609769437287943,0.6310450972153416,0.5284299706656326,0.17949618369045978,0.25969016753222113
Donor2_Wound30,Wound30,Donor2,2,Sebaceous_gland,18,0.3231794653908155,0.08217208536302625,0.6355739751008485,0.506356006323792,0.12067673920112772,0.16999155868468108
Donor2_Wound30,Wound30,Donor2,2,Smooth_muscle,45,0.4901557082989264,0.20378897765313322,0.6966973251992906,0.6187557126512432,0.2612895794709967,0.3577540823573082
Donor2_Wound30,Wound30,Donor2,2,Suprabasal_epi,74,0.3694680250268415,0.26901327359407734,0.5881539437404159,0.5258674586611786,0.31140200631153153,0.44521340309509017
Donor2_Wound30,Wound30,Donor2,2,Sweat_gland,12,0.34944671686305,0.22331790489287615,0.48041798752474185,0.46894425932620204,0.2803343310027194,0.3903808744836324
Donor2_Wound30,Wound30,Donor2,2,Sweatgland_FB,200,0.3584781127863435,0.10955354154666817,0.6372859114869507,0.533995166334662,0.1655254952823781,0.22940340561809214
Donor2_Wound30,Wound30,Donor2,2,Wound_edges,51,0.4182034955445258,0.2333362943399929,0.7148649092991922,0.6221628433328271,0.2819273239515811,0.401235161390723
Donor2_Wound7,Wound7,Donor2,2,Basal_epi,45,0.28560918743542146,0.3264262176566506,0.35401141836932637,0.3721626367407488,0.3267103242129002,0.4597337041912091
Donor2_Wound7,Wound7,Donor2,2,Dermis1,288,0.11247261510716508,0.06701445257461097,0.13104040010564366,0.14352190665184394,0.10314297948201516,0.15330048265254967
Donor2_Wound7,Wound7,Donor2,2,Dermis2,17,0.2352002562712735,0.12119545274481955,0.2730332894784341,0.2726520434727242,0.17206546691252753,0.24252277242338832
Donor2_Wound7,Wound7,Donor2,2,FB1,79,0.1561882060238738,0.07386206050938693,0.24549670368587073,0.22699274290205013,0.10321952159981412,0.149972004410956
Donor2_Wound7,Wound7,Donor2,2,FB2,151,0.198395117531624,0.07483784596845762,0.24056897997077367,0.23058110739007012,0.12168958556942007,0.17628485064692678
Donor2_Wound7,Wound7,Donor2,2,Hair_follicle,8,0.1002983770500936,0.05529059768818577,0.09582267755768424,0.09716155926496861,0.08965610850305206,0.13625216792294972
Donor2_Wound7,Wound7,Donor2,2,Immune,132,0.25825897414818305,0.15799346699518635,0.28870762363968294,0.3238178035862422,0.24561370836935573,0.3563268383696707
Donor2_Wound7,Wound7,Donor2,2,Immune_endo,298,0.2858605112394761,0.15887947462442434,0.37263195285510886,0.35590292297663895,0.22033861597313723,0.3079944177445179
Donor2_Wound7,Wound7,Donor2,2,LE,46,0.20496254203842018,0.11386446768571001,0.25320743864222306,0.24661581765251891,0.15931665202802328,0.22836524412482578
Donor2_Wound7,Wound7,Donor2,2,Mast_cell,15,0.12516095199374688,0.06501476906222466,0.15444807878846875,0.14405097703792347,0.0986460093279528,0.14813948149040915
Donor2_Wound7,Wound7,Donor2,2,Papillary_dermis,71,0.1707353611734795,0.10774888146035824,0.23268934305757422,0.2265573514325842,0.1478102148929937,0.21933848399082256
Donor2_Wound7,Wound7,Donor2,2,Sebaceous_gland,22,0.08553942686070891,0.051793109735826424,0.10938072765309653,0.11428230620097998,0.08028306620000705,0.11928741983532774
Donor2_Wound7,Wound7,Donor2,2,Smooth_muscle,60,0.2656814015782156,0.1330304514572293,0.29444408912442566,0.286737071509655,0.18230321148086165,0.25094413410433336
Donor2_Wound7,Wound7,Donor2,2,Suprabasal_epi,45,0.20857931924790934,0.27953968803208873,0.20886978105747941,0.23529071459679776,0.30981108183898637,0.45230114488855794
Donor2_Wound7,Wound7,Donor2,2,Sweat_gland,46,0.23158134604587882,0.1678212496294471,0.2472575508654728,0.28425233718434395,0.21862072149584627,0.3046400649236739
Donor2_Wound7,Wound7,Donor2,2,Sweatgland_FB,200,0.15980794247238236,0.10028501937354989,0.17654586812328346,0.18937565003458712,0.1461764447596191,0.1982651866694553
Donor2_Wound7,Wound7,Donor2,2,Wound_edges,83,0.2749072999890815,0.23903678876308607,0.23670676441634664,0.3636724693266374,0.30095534469088536,0.44787860051029676
Donor3_Skin,Skin,Donor3,3,Basal_epi,23,0.2594696304783479,0.2790601402687452,0.3282289707706679,0.3361282097947236,0.29106251591415966,0.4040344012820157
Donor3_Skin,Skin,Donor3,3,Dermis1,78,0.13677632058982703,0.05987287221680161,0.258829652805664,0.2213806058209404,0.08413428153103009,0.13022496920282084
Donor3_Skin,Skin,Donor3,3,Dermis2,9,0.14605119716843948,0.06516158350231731,0.2685278415002615,0.2448611675961951,0.08437912755970407,0.13858024057568352
Donor3_Skin,Skin,Donor3,3,FB1,48,0.16928189602710453,0.047864634214608424,0.3362620981426761,0.28354008488769866,0.07240693897806533,0.11375871547193923
Donor3_Skin,Skin,Donor3,3,FB2,120,0.23752086088497926,0.06877567832602556,0.4099839447667174,0.34408933547782045,0.10399046456340491,0.16018987276648547
Donor3_Skin,Skin,Donor3,3,Hair_follicle,6,0.15097750061090906,0.07230584061195398,0.28670704473884856,0.2402035779435594,0.09174797040851547,0.14257513273476632
Donor3_Skin,Skin,Donor3,3,Immune,42,0.19456126191525883,0.09529008058831266,0.3053705267513644,0.2798182997873139,0.1438869708215061,0.21447753141897347
Donor3_Skin,Skin,Donor3,3,Immune_endo,76,0.26068253283979714,0.15276606832151726,0.37168240161003246,0.339073538902771,0.20978394901328432,0.29742730565504305
Donor3_Skin,Skin,Donor3,3,LE,12,0.24789143702275016,0.15485442699993712,0.3112623557721948,0.2972440584636208,0.19268216209517952,0.2745509345571661
Donor3_Skin,Skin,Donor3,3,Mast_cell,4,0.14890196812784218,0.09692658193023823,0.22106609903070823,0.179794400998617,0.12490864580267377,0.17491051983800193
Donor3_Skin,Skin,Donor3,3,Papillary_dermis,33,0.14062798898657652,0.07751265594645347,0.25322448793430985,0.21255538792413536,0.10125563295943191,0.15299281342432108
Donor3_Skin,Skin,Donor3,3,Sebaceous_gland,5,0.12104573863580137,0.08253313589190331,0.20235834916329373,0.18311513081548716,0.09787885005935938,0.13679769578339512
Donor3_Skin,Skin,Donor3,3,Smooth_muscle,23,0.17789361310318608,0.0768582345014789,0.25756504216304243,0.22109054873852538,0.09705683663031471,0.14250224444197707
Donor3_Skin,Skin,Donor3,3,Suprabasal_epi,49,0.18273369155503466,0.18957279219921144,0.22172341250194996,0.22061540543480687,0.2235552907249444,0.3268561988256823
Donor3_Skin,Skin,Donor3,3,Sweat_gland,5,0.17735871576747705,0.12378672442648779,0.24425703741616286,0.2497424224721377,0.16958917819803276,0.23857232989640886
Donor3_Skin,Skin,Donor3,3,Sweatgland_FB,56,0.12495316213969813,0.05187984483148776,0.2364266623639027,0.20213206383127794,0.07895057443435896,0.1136558644403619
Donor3_Skin,Skin,Donor3,3,Wound_edges,96,0.13384230573783099,0.06002179104320652,0.24690167783348427,0.21817510810153892,0.09690728892846444,0.15678443761055297
Donor3_Wound1,Wound1,Donor3,3,Basal_epi,90,0.11441542689073435,0.12499597767477749,0.10205813773836728,0.137097710205923,0.15701463224486356,0.2291674572307093
Donor3_Wound1,Wound1,Donor3,3,Dermis1,269,0.11221791300649,0.11143286656373495,0.07950400377753736,0.11849513994050534,0.15986578685106156,0.23681081634185314
Donor3_Wound1,Wound1,Donor3,3,Dermis2,15,0.1397849235125906,0.10946774609523714,0.13542993828597372,0.1647365466915506,0.15748990953333913,0.2330154374075242
Donor3_Wound1,Wound1,Donor3,3,FB1,52,0.1257549648292343,0.09545221734530236,0.12277770518670353,0.1538124857466465,0.13442253719485903,0.2041905847209094
Donor3_Wound1,Wound1,Donor3,3,FB2,75,0.2543040658618814,0.15844261238263146,0.3118112694739652,0.31748765991729533,0.22000480694190302,0.3253995428758547
Donor3_Wound1,Wound1,Donor3,3,Hair_follicle,13,0.3511570124813105,0.3099453637588987,0.36926174326496697,0.43886491810545886,0.33102512976637105,0.4648078551088734
Donor3_Wound1,Wound1,Donor3,3,Immune,128,0.14213752978942756,0.12717011240624096,0.111784951315687,0.1564425294719339,0.18538263519347312,0.27541782891165556
Donor3_Wound1,Wound1,Donor3,3,Immune_endo,103,0.22501780881811054,0.18531846334236496,0.23923460877327993,0.2702108282496099,0.24639026225130392,0.3486370099691772
Donor3_Wound1,Wound1,Donor3,3,LE,24,0.15968661549661287,0.1413923536296454,0.14270980425948607,0.17963678083770884,0.18387211444792428,0.2698633604683156
Donor3_Wound1,Wound1,Donor3,3,Mast_cell,7,0.09560082317377991,0.0643119024502973,0.04016447928574497,0.08766594183293634,0.11816559076801558,0.17232579390931496
Donor3_Wound1,Wound1,Donor3,3,Papillary_dermis,24,0.18104075265844258,0.15987575747035357,0.22139518151307258,0.22527165022632278,0.20318615126255235,0.2932180864488548
Donor3_Wound1,Wound1,Donor3,3,Sebaceous_gland,47,0.15130610419348633,0.23865365537541605,0.11157104797179952,0.16366820143066094,0.27649031066676377,0.3944958671679441
Donor3_Wound1,Wound1,Donor3,3,Smooth_muscle,40,0.18424730253154672,0.15540482314806975,0.1572696925774627,0.19354889591899876,0.19037636865515764,0.2718265749730259
Donor3_Wound1,Wound1,Donor3,3,Suprabasal_epi,114,0.12428968501986593,0.14677103905118216,0.10174516885958126,0.1371221105203907,0.18907387650835192,0.28106546127066
Donor3_Wound1,Wound1,Donor3,3,Sweat_gland,11,0.24435542193149115,0.254415130968278,0.18231455590490786,0.3026768331830046,0.29592387823216143,0.4178885724649049
Donor3_Wound1,Wound1,Donor3,3,Sweatgland_FB,148,0.11405558503673327,0.09725141629885417,0.0974686148066533,0.133660201943301,0.14021891625550836,0.20119397264644504
Donor3_Wound1,Wound1,Donor3,3,Wound_edges,157,0.14488500051388045,0.15367424786380798,0.10515656776991564,0.16409639453474112,0.20657773253223335,0.3061750976783652
Donor3_Wound30,Wound30,Donor3,3,Basal_epi,53,0.29918956860496504,0.2737683836234583,0.43546482533739445,0.4146196076228298,0.2996046856039661,0.41266177714407853
Donor3_Wound30,Wound30,Donor3,3,Dermis1,403,0.2433717350615017,0.08110367444774778,0.4586561608194787,0.386942920647535,0.11272991788171223,0.15858023923957804
Donor3_Wound30,Wound30,Donor3,3,Dermis2,13,0.327000816294507,0.1780629159086242,0.4567587681994947,0.40655401402032115,0.2285960503711044,0.30664699648097965
Donor3_Wound30,Wound30,Donor3,3,FB1,85,0.4001725347108621,0.11965019878744954,0.6806887329500069,0.572283634796809,0.16837128337503054,0.23609587338295157
Donor3_Wound30,Wound30,Donor3,3,FB2,330,0.41826836275828405,0.12896427034045813,0.6668157595393883,0.5770646104262032,0.19879814345501046,0.28264273439482457
Donor3_Wound30,Wound30,Donor3,3,Hair_follicle,8,0.35912849383076345,0.20422185651927072,0.5516387609196051,0.49800543205060177,0.2277027452582017,0.31699950343971617
Donor3_Wound30,Wound30,Donor3,3,Immune,140,0.3126354960679071,0.12524031652616885,0.5151200507141627,0.4493513864261644,0.18385720007491943,0.25847212837404415
Donor3_Wound30,Wound30,Donor3,3,Immune_endo,277,0.3853901546182404,0.18876635353241317,0.5737223490073831,0.5090886578626547,0.25280532420417784,0.3431668250745017
Donor3_Wound30,Wound30,Donor3,3,LE,31,0.37694554281206066,0.18302437909730812,0.5472531443692076,0.4869140727041605,0.23968767751628509,0.3284629965199006
Donor3_Wound30,Wound30,Donor3,3,Mast_cell,8,0.2850956794911371,0.1016609403811031,0.4700594790978786,0.4138527074637281,0.14756640579612035,0.20747367801666527
Donor3_Wound30,Wound30,Donor3,3,Papillary_dermis,97,0.2892964976768202,0.13956133318051378,0.4866514733874256,0.4198403697118955,0.18074436695143759,0.25924072372308393
Donor3_Wound30,Wound30,Donor3,3,Sebaceous_gland,18,0.2380937545674701,0.25198133606199397,0.31481098696133497,0.30333908336953347,0.2757719709374087,0.380930314529045
Donor3_Wound30,Wound30,Donor3,3,Smooth_muscle,56,0.43395495227636127,0.20495886284124226,0.5808405049290155,0.5225838501393494,0.25405787321323586,0.3486614893621041
Donor3_Wound30,Wound30,Donor3,3,Suprabasal_epi,78,0.2571285294328451,0.2599337168496327,0.3374334746253127,0.3171653139586906,0.29757954941749465,0.42153423695559794
Donor3_Wound30,Wound30,Donor3,3,Sweat_gland,13,0.28294120695487956,0.23152270036337408,0.34954780708233407,0.37678798023402416,0.27123868441475846,0.37038234669009895
Donor3_Wound30,Wound30,Donor3,3,Sweatgland_FB,233,0.2143974953110876,0.09260292438466443,0.37966282044430116,0.32242979875425015,0.13030615604096715,0.17556414371962836
Donor3_Wound30,Wound30,Donor3,3,Wound_edges,176,0.21754451036219996,0.09008660129803842,0.4008053634795251,0.34046868661919555,0.12195578023259772,0.17500193979101053
Donor3_Wound7,Wound7,Donor3,3,Basal_epi,37,0.26462858247454685,0.3130436926731489,0.3575558372216799,0.36389709670881115,0.30561930143144783,0.43184469130919195
Donor3_Wound7,Wound7,Donor3,3,Dermis1,352,0.23649602758474603,0.11792437420739602,0.33964150987327,0.33294592189570504,0.1722885414318573,0.2569526464532444
Donor3_Wound7,Wound7,Donor3,3,Dermis2,23,0.20658473848109152,0.11482006216886381,0.2822669305569767,0.2607072115365255,0.1569706762668254,0.2287023227561468
Donor3_Wound7,Wound7,Donor3,3,FB1,75,0.4058676387882438,0.22142341810703153,0.6021372400627808,0.5695611698572342,0.2740640450257192,0.3993141962456459
Donor3_Wound7,Wound7,Donor3,3,FB2,221,0.28646882971350596,0.1050762165403455,0.39672760748734764,0.3753561275447204,0.17080923250171182,0.2479756428473004
Donor3_Wound7,Wound7,Donor3,3,Hair_follicle,23,0.3695787960684771,0.23300242254887316,0.46148524843561217,0.46302916852354514,0.2788653010020694,0.3911616617909791
Donor3_Wound7,Wound7,Donor3,3,Immune,147,0.3603317450697936,0.19836259856127644,0.4760684232582503,0.47673513954026936,0.29755780590460307,0.4271316481944948
Donor3_Wound7,Wound7,Donor3,3,Immune_endo,208,0.41067257770358456,0.2459990401385553,0.5517206124052854,0.5233320321850828,0.32122396681402954,0.4459637886571661
Donor3_Wound7,Wound7,Donor3,3,LE,36,0.3773552934052299,0.23160675784147713,0.5030368101370439,0.4729591000470802,0.2928025562041904,0.40597789479685364
Donor3_Wound7,Wound7,Donor3,3,Mast_cell,6,0.16185041680751722,0.07812999689002849,0.22068730347550625,0.21288525753432339,0.13972832680360767,0.20225212332390222
Donor3_Wound7,Wound7,Donor3,3,Papillary_dermis,48,0.26261005027896506,0.16343907554213857,0.36161327688172257,0.3446311743818633,0.21443449729631978,0.3108541172543461
Donor3_Wound7,Wound7,Donor3,3,Sebaceous_gland,4,0.2636261544506998,0.28644589557542066,0.31654333128918255,0.3256862510432744,0.33241278888834075,0.4709718673228063
Donor3_Wound7,Wound7,Donor3,3,Smooth_muscle,41,0.41954328163351734,0.23198425765265418,0.5018114911602176,0.4862707813763518,0.290880040994702,0.40113110739733315
Donor3_Wound7,Wound7,Donor3,3,Suprabasal_epi,63,0.2238102750121017,0.24608770238459018,0.27889885444540885,0.2839536022977367,0.2993144264020378,0.4412172711054654
Donor3_Wound7,Wound7,Donor3,3,Sweat_gland,11,0.2909922316607792,0.23414436351588597,0.284274171660021,0.3458388298077689,0.2854596818538974,0.3930462632319593
Donor3_Wound7,Wound7,Donor3,3,Sweatgland_FB,113,0.23267407728769451,0.12675104793483702,0.29533449870173234,0.2917744638282929,0.18596519504733974,0.2591268264495264
Donor3_Wound7,Wound7,Donor3,3,Wound_edges,129,0.32280661446501147,0.23421294213650345,0.40655091105716873,0.4618343848742572,0.3031629694518178,0.45008455025077365
Donor4_Skin,Skin,Donor4,3,Basal_epi,31,0.26819887254146846,0.2810396672618016,0.35465699910635257,0.3494771991073881,0.2931250776382867,0.4061723884865477
Donor4_Skin,Skin,Donor4,3,Dermis1,79,0.14805656552656773,0.06221709142584947,0.25133333057506446,0.20718205062873707,0.08407330919033301,0.12384188788554504
Donor4_Skin,Skin,Donor4,3,Dermis2,6,0.2627036383822931,0.16939855692358874,0.2963975426577193,0.27818857004429504,0.2075703466313001,0.28179883962991664
Donor4_Skin,Skin,Donor4,3,FB1,54,0.19902565958559512,0.05508200487172551,0.38225722289850134,0.30781104465515424,0.07852902395193212,0.1214971693284168
Donor4_Skin,Skin,Donor4,3,FB2,147,0.2717940503721326,0.07722559065005818,0.44233095901038394,0.36831335765534257,0.12249496603060252,0.1851540676452962
Donor4_Skin,Skin,Donor4,3,Hair_follicle,2,0.14329092866876159,0.06111329488653597,0.2328928986410962,0.17337582454392714,0.07546552075860131,0.12404193384715023
Donor4_Skin,Skin,Donor4,3,Immune,39,0.2247947699197681,0.1075080179381494,0.29129381042289987,0.26581834955448597,0.1670226333587215,0.23826234871261398
Donor4_Skin,Skin,Donor4,3,Immune_endo,79,0.2540177015221676,0.14622058754660086,0.32619530712838113,0.2931751316317519,0.20627350911701,0.29245738412351896
Donor4_Skin,Skin,Donor4,3,LE,6,0.26421988768380317,0.20158242653123468,0.35737315257420527,0.3219333745672877,0.2354651212581352,0.3232540109946756
Donor4_Skin,Skin,Donor4,3,Mast_cell,5,0.20318510395834583,0.06159287594899672,0.3117558763109457,0.2689611941355664,0.10352945377452183,0.15518516777679042
Donor4_Skin,Skin,Donor4,3,Papillary_dermis,41,0.16205146706457674,0.0868713154452637,0.24559678476819133,0.212207102855764,0.12120349777062539,0.18639091454751852
Donor4_Skin,Skin,Donor4,3,Sebaceous_gland,14,0.13522270169657552,0.14792827380796833,0.16311948771519386,0.14785986095231468,0.1668131843268657,0.2463102888112648
Donor4_Skin,Skin,Donor4,3,Smooth_muscle,63,0.26358835557554994,0.15592948863734707,0.29619555755272986,0.27499626380706227,0.18016694647965661,0.2487255822629415
Donor4_Skin,Skin,Donor4,3,Suprabasal_epi,57,0.19638199471178194,0.2551610273856726,0.20286044083741905,0.21164619239186427,0.2868785083583283,0.41411276707552647
Donor4_Skin,Skin,Donor4,3,Sweat_gland,3,0.192622815939662,0.1916207042733615,0.15052538647447847,0.17537946293820297,0.23048795939342392,0.32199481967139404
Donor4_Skin,Skin,Donor4,3,Sweatgland_FB,49,0.15987705752628553,0.07071705488752927,0.24475911342248072,0.2135233779403038,0.10855067605418203,0.15300338718695097
Donor4_Skin,Skin,Donor4,3,Wound_edges,65,0.19698892206154517,0.17430665137969684,0.24894975942548286,0.23696391065546762,0.2124326068004454,0.3098176759082281
Donor4_Wound1,Wound1,Donor4,3,Basal_epi,46,0.21825914729427745,0.2368273865469486,0.24148968009853058,0.26548880366541644,0.27198301195811087,0.39340675844899725
Donor4_Wound1,Wound1,Donor4,3,Dermis1,282,0.16557946720192904,0.1252010049614454,0.17103161060258848,0.19822189534102927,0.18749228225580186,0.27703007002345575
Donor4_Wound1,Wound1,Donor4,3,Dermis2,15,0.2626746698180994,0.17940525807069854,0.263390480811574,0.2950805932535467,0.24980340259661807,0.36033516135171173
Donor4_Wound1,Wound1,Donor4,3,FB1,100,0.2061647441342812,0.1040884249347238,0.29500338826256983,0.28056762426452225,0.15841557840334394,0.23407438658325574
Donor4_Wound1,Wound1,Donor4,3,FB2,163,0.2894930377545997,0.14832904419561355,0.3424893299860528,0.3403436974210415,0.22321466561309053,0.3252932593374323
Donor4_Wound1,Wound1,Donor4,3,Hair_follicle,10,0.214174584528043,0.1832515481005918,0.24910359746854374,0.2673499698540205,0.2170167665930851,0.3158941216085768
Donor4_Wound1,Wound1,Donor4,3,Immune,228,0.2073263667372256,0.1653226618334875,0.19729470192238047,0.23195970770438126,0.2404832257735974,0.3566924216543526
Donor4_Wound1,Wound1,Donor4,3,Immune_endo,208,0.3071106796315087,0.22287474592725062,0.3426972786515483,0.35738873723200676,0.3020342756496531,0.427236670844312
Donor4_Wound1,Wound1,Donor4,3,LE,42,0.22443249142441746,0.16175904873276306,0.24510446524177962,0.25897615848866745,0.2186294265929199,0.3195628334273276
Donor4_Wound1,Wound1,Donor4,3,Mast_cell,16,0.19196223300448229,0.12147710576499572,0.19654749561326298,0.2061671983706249,0.19048620846639505,0.2701512909847819
Donor4_Wound1,Wound1,Donor4,3,Papillary_dermis,64,0.18863486016600062,0.12935532060874413,0.21002775813835367,0.219073740679086,0.19168794996786823,0.2904952290996761
Donor4_Wound1,Wound1,Donor4,3,Sebaceous_gland,18,0.21404776392138525,0.26369287509446276,0.19592387812543569,0.24957551595424698,0.3019313404574905,0.4320333148083357
Donor4_Wound1,Wound1,Donor4,3,Smooth_muscle,85,0.29382310813845053,0.1912070329707456,0.2900228443236608,0.3073812330815321,0.24029609345985659,0.34156359962657834
Donor4_Wound1,Wound1,Donor4,3,Suprabasal_epi,67,0.20018471132453333,0.23501936771325369,0.19309747889613205,0.21714572870294918,0.28912397027673864,0.4265505948641965
Donor4_Wound1,Wound1,Donor4,3,Sweat_gland,18,0.26920909101100504,0.24562814642844988,0.25264573848707816,0.32569638180439353,0.29503848829981216,0.40960478906720166
Donor4_Wound1,Wound1,Donor4,3,Sweatgland_FB,120,0.17115071582770322,0.12118403976016509,0.1771751139794768,0.19564089985982458,0.17260542492401035,0.24769203859215977
Donor4_Wound1,Wound1,Donor4,3,Wound_edges,126,0.25298012167750783,0.24993613260948636,0.2172825301046377,0.29417519810561815,0.32334754654671277,0.46732189383091594
Donor4_Wound30,Wound30,Donor4,3,Basal_epi,50,0.3446952935286099,0.2820776680017433,0.5399320526144483,0.49345668756833894,0.3099141083944169,0.4331843445169866
Donor4_Wound30,Wound30,Donor4,3,Dermis1,259,0.28084102325235205,0.0840681083296113,0.4738703466375729,0.402049954482999,0.12106295579408102,0.1718367563954982
Donor4_Wound30,Wound30,Donor4,3,Dermis2,12,0.3049815074581853,0.1330649034884275,0.4454661161746086,0.3986205718367586,0.18616560608229904,0.25242469718819854
Donor4_Wound30,Wound30,Donor4,3,FB1,259,0.5414397020481848,0.1915263022140575,0.8967275146804217,0.768132796023449,0.240930828160005,0.3351343906790513
Donor4_Wound30,Wound30,Donor4,3,FB2,325,0.4500830260484329,0.15564318116996995,0.6636796176753744,0.5763779419787541,0.2226603034387805,0.3086529846877798
Donor4_Wound30,Wound30,Donor4,3,Hair_follicle,10,0.3087041684672847,0.0879906360688831,0.5130799537106179,0.43780461875251053,0.11350833840724786,0.16688966942750777
Donor4_Wound30,Wound30,Donor4,3,Immune,208,0.326877338919593,0.1603138813264079,0.4627512254834014,0.41842311340610033,0.2407721922329624,0.3298358336038522
Donor4_Wound30,Wound30,Donor4,3,Immune_endo,278,0.4252802136214209,0.1880439549709099,0.6487085003408148,0.5647999967419985,0.2582657485333136,0.35149038464329824
Donor4_Wound30,Wound30,Donor4,3,LE,41,0.42846299953886013,0.20728573511901022,0.6595757656724472,0.5732772450965302,0.2652556056705032,0.3669445043101277
Donor4_Wound30,Wound30,Donor4,3,Mast_cell,21,0.4325925052778195,0.18973714495294883,0.641404145050984,0.5519460842386525,0.25224504460390684,0.3408647205372877
Donor4_Wound30,Wound30,Donor4,3,Papillary_dermis,74,0.304027464757394,0.1095990565397398,0.5304623975239526,0.45115057922967505,0.1553203401470165,0.22619563899009212
Donor4_Wound30,Wound30,Donor4,3,Sebaceous_gland,14,0.2339437891324348,0.06654846373761153,0.4186116218052744,0.3490711914806535,0.09203947704449587,0.13468606305526068
Donor4_Wound30,Wound30,Donor4,3,Smooth_muscle,49,0.331220797288937,0.12697926456831082,0.4999775957170567,0.42106897519912756,0.17658269853794822,0.2380518377528288
Donor4_Wound30,Wound30,Donor4,3,Suprabasal_epi,73,0.23347814475590872,0.19446912992041415,0.3697744430352175,0.3278562978399014,0.24564722150439502,0.3616020537975266
Donor4_Wound30,Wound30,Donor4,3,Sweat_gland,10,0.24150439282678016,0.07016651030645876,0.45275275345696225,0.38952101303644154,0.1088034447090015,0.16085977425372142
Donor4_Wound30,Wound30,Donor4,3,Sweatgland_FB,69,0.2485803058074757,0.08779912843866564,0.4283444419183184,0.3570195240832252,0.1258209182374789,0.1735296834585897
Donor4_Wound30,Wound30,Donor4,3,Wound_edges,25,0.39624784582682315,0.16078683798466073,0.7232817359782662,0.6133373174993506,0.22020684832246862,0.3154175725813167
Donor4_Wound7,Wound7,Donor4,3,Basal_epi,36,0.2814290760669772,0.3241069144862293,0.34868866919698327,0.36261365046569183,0.3320330581648377,0.4654541343951198
Donor4_Wound7,Wound7,Donor4,3,Dermis1,241,0.23178769035888805,0.1276118950514411,0.3375028092458992,0.3256018248508282,0.17263657631352367,0.25786188282119676
Donor4_Wound7,Wound7,Donor4,3,Dermis2,14,0.2620092773264931,0.1443906961663542,0.31997399836263213,0.3402678791271493,0.1930718683783488,0.2803929984683306
Donor4_Wound7,Wound7,Donor4,3,FB1,92,0.4418802443320294,0.21616905393696265,0.7168497592109071,0.6483880346300537,0.26575155519283156,0.3754989409937777
Donor4_Wound7,Wound7,Donor4,3,FB2,72,0.3375045729743097,0.15549590024407242,0.43817864949448854,0.4119317935432966,0.22368481405054874,0.3199883717204288
Donor4_Wound7,Wound7,Donor4,3,Hair_follicle,29,0.3345041225027726,0.2652288068468134,0.3839832112013331,0.4199022695200115,0.27682328536581147,0.38443424391721515
Donor4_Wound7,Wound7,Donor4,3,Immune,144,0.3410701640860308,0.23443479313383786,0.4446676342756415,0.4631828044680466,0.31059751372199534,0.4411754438009116
Donor4_Wound7,Wound7,Donor4,3,Immune_endo,151,0.4013398702642152,0.25346996516687664,0.5370359674389378,0.5119257809318363,0.31742959100326223,0.44084594785769565
Donor4_Wound7,Wound7,Donor4,3,LE,11,0.390883363273544,0.24561270070057864,0.47979926901799347,0.4803462557292408,0.31708399500857437,0.44180378862886543
Donor4_Wound7,Wound7,Donor4,3,Mast_cell,4,0.2994583309099838,0.1808066425235496,0.41789575237511584,0.3911968288770684,0.23439199535890776,0.3383876245668909
Donor4_Wound7,Wound7,Donor4,3,Papillary_dermis,44,0.1857118387752667,0.11266609739241469,0.25956010634543797,0.243483100504736,0.15625582539046812,0.23612131342171028
Donor4_Wound7,Wound7,Donor4,3,Sebaceous_gland,14,0.28057708955414645,0.29321295110489104,0.3102109775241212,0.3284914228053169,0.31494648262589753,0.44456583138630784
Donor4_Wound7,Wound7,Donor4,3,Smooth_muscle,48,0.3575999556297724,0.19130302161449195,0.40778022810675935,0.3912492802025525,0.2515665195454724,0.34290584495596516
Donor4_Wound7,Wound7,Donor4,3,Suprabasal_epi,58,0.237061884858826,0.2430502705437293,0.27918451061097244,0.2891609634168148,0.3049615632324239,0.44843516618319107
Donor4_Wound7,Wound7,Donor4,3,Sweat_gland,17,0.2520725090282558,0.21921793702685008,0.250248048641826,0.3071789554588135,0.27113221541446697,0.3815188118274455
Donor4_Wound7,Wound7,Donor4,3,Sweatgland_FB,53,0.23992307052704437,0.14959085601680122,0.3307145996296683,0.32556617109359337,0.20101613289190884,0.2855999666848091
Donor4_Wound7,Wound7,Donor4,3,Wound_edges,184,0.29771155987071635,0.22733652625058634,0.3690951418862642,0.41357752941072573,0.2873922445915885,0.42989725842756565
